<?xml version="1.0" encoding="UTF-8"?>
<!DOCTYPE suite SYSTEM "http://testng.org/testng-1.0.dtd">
<suite name="Sanity" parallel="false" verbose="1" thread-count="1">

	<listeners>
		<listener class-name="com.qa.base.TestBaseListener" />
	</listeners>


	<parameter name="Environment"
		value="http://192.168.1.223:5101" />
	<parameter name="userName" value="admin" />
	<parameter name="Password" value="eka@1234" />
	<parameter name="browser" value="chrome" />

	<test name="Sanity">
		<classes>
			<!-- <class name="com.qa.testcases.LoginPageTest"></class> -->
			<!-- <class name="com.qa.testcases.HomePageTest"></class> -->
			<!-- <class name="com.qa.testcases.FutureTradesPageTest"></class> -->
			<!-- <class name="com.qa.testcases.NewVoyageCharterPageTest"></class> -->
		 <!-- <class name="com.qa.testcases.Physicals.NewPurchaseContractPageTest"></class> --> 
			 <!--  <class name="com.qa.testcases.Physicals.NewSaleContractPageTest"></class>  -->
			 <!-- <class name="com.qa.testcases.Physicals.UnderfillPageTest"></class> -->
			<!--  <class name="com.qa.testcases.Physicals.OverfillPageTest"></class> -->
			<!-- <class name="com.qa.testcases.Physicals.NewProductionContractPageTest"></class> -->
			<!-- <class name="com.qa.testcases.Logistics.NewPurchaseCallOffPageTest"></class> -->
			<!-- <class name="com.qa.testcases.Logistics.NewSalesCallOffPageTest"></class> -->
			<!-- <class name="scom.qa.testcases.Logistics.NewPlannedContainerShipmentPageTest"></class> -->
			<!-- <class name="com.qa.testcases.Logistics.NewInternalMovementOrderPageTest"></class> -->
			 <!-- <class name="com.qa.testcases.Logistics.NewPurchaseMovementOrderPageTest"></class>  -->
			<!-- <class name="com.qa.testcases.Logistics.NewSaleMovementOrderPageTest"></class> -->
			<!-- <class name="com.qa.testcases.Logistics.TicketImportPageTest"></class> -->
			<!-- <class name="com.qa.testcases.Logistics.NewPrePaymentInvoicePageTest"></class> -->
			<!-- <class name="com.qa.testcases.Accounting.NewServiceInvoicePageTest"></class> -->
			<!-- <class name="com.qa.testcases.Accounting.NewGeneralReceivedServiceInvoicePageTest"></class> -->
			<!-- <class name="com.qa.testcases.Accounting.NewGeneralRaisedServiceInvoicePageTest"></class> -->
			<!-- <class name="com.qa.testcases.Accounting.NewProvisionalInvoicePageTest"></class> -->    <!-- Partially Done -->
			<!-- <class name="com.qa.testcases.Physicals.NewPurchaseBasisPriceFixationPageTest"></class> -->
			<!-- <class name="com.qa.testcases.Physicals.NewSaleBasisPriceFixationPageTest"></class> -->
			<!-- <class name="com.qa.testcases.Physicals.NewProductionBasisPriceFixationPageTest"></class> -->
			<!-- <class name="com.qa.testcases.Accounting.NewPurchaseFinalInvoicePageTest"></class> -->
			<!-- <class name="com.qa.testcases.Accounting.NewProductionFinalInvoicePageTest"></class> -->
			<!-- <class name="com.qa.testcases.Accounting.NewSaleFinalInvoicePageTest"></class> -->
			<!-- <class name="com.qa.testcases.Derivatives.NewExchangeOptionPageTest"></class> -->
			<!--  <class name="com.qa.testcases.Physicals.NewContractUtilityPageTest"></class> -->
			  <!-- <class name="com.qa.testcases.Physicals.NewContractTemplatePageTest"></class>   -->
			 <!--  <class name="com.qa.testcases.Physicals.NewPrintableTemplatePageTest"></class>  --> 
			  <class name="com.qa.testcases.Physicals.NewContractOutputDocPageTest"></class> 
			  
		</classes>
	</test>
</suite>


