<?xml version="1.0" encoding="UTF-8"?>
<!DOCTYPE suite SYSTEM "http://testng.org/testng-1.0.dtd">
<suite name="Sanity_Derivatives" parallel="false" verbose="1" thread-count="1">

	<listeners>
		<listener class-name="com.qa.base.TestBaseListener" />
	</listeners>


	<parameter name="Environment" value="https://agsctrmqa.ekaplus.com:7002" />
	<parameter name="userName" value="admin" />
	<parameter name="Password" value="eka@1234" />
	<parameter name="browser" value="chrome" />

	<test name="Sanity">
		<classes>
			<class name="com.qa.testcases.Derivatives.FutureTradesPageTest"></class>
			<!-- <class name="com.qa.testcases.Derivatives.FxTradesPageTest"></class>
			<class name="com.qa.testcases.Derivatives.OTCOptionTradesTest">
				<methods>
					<include name="NewBuyOTCOptionTradesDetailsTest" />
					<include name="NewSellOTCOptionTradesDetailsTest" />
				</methods>
			</class> -->
		</classes>
	</test>
</suite>


